{"cameraMode":{"drawMode":0,"name":"Shaded","section":"Shading Mode"},"sceneLighting":true,"audioPlay":false,"sceneViewState":{"m_AlwaysRefresh":false,"showFog":true,"showSkybox":true,"showFlares":true,"showImageEffects":true,"showParticleSystems":true,"showVisualEffectGraphs":true,"m_FxEnabled":true},"in2DMode":false,"pivot":{"x":0.5143762230873108,"y":5.7980804443359379,"z":0.019002914428710939},"rotation":{"x":0.10592218488454819,"y":-0.6974896788597107,"z":0.10541528463363648,"w":0.7008412480354309},"size":13.695399284362793,"orthographic":false}