{"cameraMode":{"drawMode":0,"name":"Shaded","section":"Shading Mode"},"sceneLighting":false,"audioPlay":false,"sceneViewState":{"m_AlwaysRefresh":false,"showFog":true,"showSkybox":false,"showFlares":true,"showImageEffects":true,"showParticleSystems":true,"showVisualEffectGraphs":true,"m_FxEnabled":true},"in2DMode":false,"pivot":{"x":-0.3936797082424164,"y":1.8550742864608765,"z":-0.06487592309713364},"rotation":{"x":0.09290875494480133,"y":0.5959399342536926,"z":-0.06968095898628235,"w":0.7945883870124817},"size":2.3774964809417726,"orthographic":false}